,Indicator,Hockey,Quadratic,VaR,CVaR
10000000,0.1,0.3139309515204079,163.88739004053573,9.119112615270552,12.258425269787285
